dataset_name,dim,skew,seed,nruns,index_name,nlist,nprobe,niter,add_time,train_time,total_build_time,total_search_time,total_time,10th_search_time_ms,25th_search_time_ms,median_search_time_ms,mean_search_time_ms,75th_search_time_ms,90th_search_time_ms,99th_search_time_ms,std_search_time_ms,CV_search_time_ms,QPS,recall_1,recall_10,recall_100,nthreads,batch_size,total_num_queries,run_date,cmd
SIFT10M,128,default,42,3,BruteForce,,,,1.7743397529993672,0,1.7743397529993672,541.4290421921178,543.2033819451171,817.7562443946954,839.964876009617,873.6338989983778,866.2864675073885,897.9121949814726,908.2471396017354,937.5619757082313,40.322073096793474,4.6545888235809905,18.410024021454046,1.0,0.99999,0.999994,16,16,10000,2026-07-20 03:32:33,python run_baselines.py --result_path ./results/ --dbname SIFT10M --skew default --store --target_queries 0 --nruns 3 --seed 42 --nthreads 16 --runid 250227_rerun_baselines --run_desc None --index_name BruteForce IVFFlat --topK 100 --niter 10 --nprobe 1 2 4 8 16 20 32 48 64 80 128 256 512 1024 --nlist 100 1000 5000 10000 16000 --batch_size None
SIFT10M,128,default,42,3,IVFFlat,100,1,10,7.797120302973781,0.9249833750072867,8.722103677981067,5.8515395474096294,14.573643225390697,8.136971585918218,8.590046025346965,9.223186003509909,9.362463275855408,10.00602199928835,10.896909201983362,12.350874709663913,1.0845004131271863,11.583494441297022,1696.3274776412154,0.6375,0.60743,0.56105,16,16,10000,2026-07-20 03:33:01,python run_baselines.py --result_path ./results/ --dbname SIFT10M --skew default --store --target_queries 0 --nruns 3 --seed 42 --nthreads 16 --runid 250227_rerun_baselines --run_desc None --index_name BruteForce IVFFlat --topK 100 --niter 10 --nprobe 1 2 4 8 16 20 32 48 64 80 128 256 512 1024 --nlist 100 1000 5000 10000 16000 --batch_size None
SIFT10M,128,default,42,3,IVFFlat,100,2,10,7.797120302973781,0.9249833750072867,8.722103677981067,11.946947483171243,20.66905116115231,17.033649398945272,17.903183994349092,18.94075798918493,19.11511597307399,20.2775810030289,21.50726380641572,23.43753747525625,1.7713726774439598,9.266868586824991,837.0338962388711,0.8142,0.78658,0.74326,16,16,10000,2026-07-20 03:33:38,python run_baselines.py --result_path ./results/ --dbname SIFT10M --skew default --store --target_queries 0 --nruns 3 --seed 42 --nthreads 16 --runid 250227_rerun_baselines --run_desc None --index_name BruteForce IVFFlat --topK 100 --niter 10 --nprobe 1 2 4 8 16 20 32 48 64 80 128 256 512 1024 --nlist 100 1000 5000 10000 16000 --batch_size None
SIFT10M,128,default,42,3,IVFFlat,100,4,10,7.797120302973781,0.9249833750072867,8.722103677981067,24.69736724489485,33.41947092287592,36.09157440951094,37.55202400498092,39.446337992558256,39.51578759183176,41.216138983145356,42.88157580886036,45.67016555927694,2.5997570789998323,6.5790339442385894,405.5628857503318,0.9258,0.91077,0.88169,16,16,10000,2026-07-20 03:34:53,python run_baselines.py --result_path ./results/ --dbname SIFT10M --skew default --store --target_queries 0 --nruns 3 --seed 42 --nthreads 16 --runid 250227_rerun_baselines --run_desc None --index_name BruteForce IVFFlat --topK 100 --niter 10 --nprobe 1 2 4 8 16 20 32 48 64 80 128 256 512 1024 --nlist 100 1000 5000 10000 16000 --batch_size None
SIFT10M,128,default,42,3,IVFFlat,100,8,10,7.797120302973781,0.9249833750072867,8.722103677981067,51.35964254196733,60.0817462199484,77.29800958768465,79.23685701098293,82.03287899959832,82.17542806714773,84.81341498554684,87.43335959734395,90.71314505185,3.8707590667932372,4.710360697641072,194.90975896031247,0.9824,0.97519,0.962092,16,16,10000,2026-07-20 03:37:28,python run_baselines.py --result_path ./results/ --dbname SIFT10M --skew default --store --target_queries 0 --nruns 3 --seed 42 --nthreads 16 --runid 250227_rerun_baselines --run_desc None --index_name BruteForce IVFFlat --topK 100 --niter 10 --nprobe 1 2 4 8 16 20 32 48 64 80 128 256 512 1024 --nlist 100 1000 5000 10000 16000 --batch_size None
SIFT10M,128,default,42,3,IVFFlat,100,16,10,7.797120302973781,0.9249833750072867,8.722103677981067,99.29493078833912,108.01703446632018,152.13640000438318,154.96444702148438,158.80292799556628,158.87188926134257,162.597012007609,165.70720960735343,170.91762148425914,5.152524885518691,3.2431948216105377,100.60788892107881,0.9981,0.99647,0.993154,16,16,10000,2026-07-20 03:42:27,python run_baselines.py --result_path ./results/ --dbname SIFT10M --skew default --store --target_queries 0 --nruns 3 --seed 42 --nthreads 16 --runid 250227_rerun_baselines --run_desc None --index_name BruteForce IVFFlat --topK 100 --niter 10 --nprobe 1 2 4 8 16 20 32 48 64 80 128 256 512 1024 --nlist 100 1000 5000 10000 16000 --batch_size None
SIFT10M,128,default,42,3,IVFFlat,100,20,10,7.797120302973781,0.9249833750072867,8.722103677981067,122.93966566730523,131.6617693452863,189.2884099856019,192.77861298178323,196.63496600696817,196.70346506768837,200.26450499426574,204.6161461970769,209.21997705823742,5.83857141123235,2.9682097411060946,81.11989150779583,0.9994,0.99845,0.996618,16,16,10000,2026-07-20 03:48:37,python run_baselines.py --result_path ./results/ --dbname SIFT10M --skew default --store --target_queries 0 --nruns 3 --seed 42 --nthreads 16 --runid 250227_rerun_baselines --run_desc None --index_name BruteForce IVFFlat --topK 100 --niter 10 --nprobe 1 2 4 8 16 20 32 48 64 80 128 256 512 1024 --nlist 100 1000 5000 10000 16000 --batch_size None
SIFT10M,128,default,42,3,IVFFlat,100,32,10,7.797120302973781,0.9249833750072867,8.722103677981067,194.1132867554552,202.83539043343626,301.84139119810425,305.69215799914673,310.242676991038,310.5812588087283,315.17593699391,319.94612901471555,327.0764603628777,7.11478432456378,2.290796409240335,51.48029573678353,1.0,0.99969,0.999447,16,16,10000,2026-07-20 03:58:21,python run_baselines.py --result_path ./results/ --dbname SIFT10M --skew default --store --target_queries 0 --nruns 3 --seed 42 --nthreads 16 --runid 250227_rerun_baselines --run_desc None --index_name BruteForce IVFFlat --topK 100 --niter 10 --nprobe 1 2 4 8 16 20 32 48 64 80 128 256 512 1024 --nlist 100 1000 5000 10000 16000 --batch_size None
SIFT10M,128,default,42,3,IVFFlat,100,48,10,7.797120302973781,0.9249833750072867,8.722103677981067,289.2579245699744,297.9800282479555,452.48788679018617,457.3710059921723,462.2569030034356,462.8126793119591,468.4592590201646,473.45182759454474,483.10875843977556,8.01871674957043,1.732605243549391,34.59111636570331,1.0,0.99995,0.999932,16,16,10000,2026-07-20 04:12:49,python run_baselines.py --result_path ./results/ --dbname SIFT10M --skew default --store --target_queries 0 --nruns 3 --seed 42 --nthreads 16 --runid 250227_rerun_baselines --run_desc None --index_name BruteForce IVFFlat --topK 100 --niter 10 --nprobe 1 2 4 8 16 20 32 48 64 80 128 256 512 1024 --nlist 100 1000 5000 10000 16000 --batch_size None
SIFT10M,128,default,42,3,IVFFlat,100,64,10,7.797120302973781,0.9249833750072867,8.722103677981067,384.71307235665154,393.4351760346326,604.8849501938093,609.772191994125,615.6284369935747,615.5409157706424,621.0850900097284,625.8779409981798,632.7118280075956,8.250219607298579,1.3403202607530162,25.99339798552365,1.0,0.99999,0.999987,16,16,10000,2026-07-20 04:32:04,python run_baselines.py --result_path ./results/ --dbname SIFT10M --skew default --store --target_queries 0 --nruns 3 --seed 42 --nthreads 16 --runid 250227_rerun_baselines --run_desc None --index_name BruteForce IVFFlat --topK 100 --niter 10 --nprobe 1 2 4 8 16 20 32 48 64 80 128 256 512 1024 --nlist 100 1000 5000 10000 16000 --batch_size None
SIFT10M,128,default,42,3,IVFFlat,1000,1,10,14.007641356001841,4.191030126006808,18.19867148200865,0.9943040009529795,19.19297548296163,1.217350794468075,1.3569719740189612,1.5395009831991047,1.5908864015247672,1.7594079836271703,2.0152906072326005,2.7413500682450826,0.3396826391673786,21.351784693225966,9827.398449628776,0.4836,0.44396,0.383606,16,16,10000,2026-07-20 04:32:27,python run_baselines.py --result_path ./results/ --dbname SIFT10M --skew default --store --target_queries 0 --nruns 3 --seed 42 --nthreads 16 --runid 250227_rerun_baselines --run_desc None --index_name BruteForce IVFFlat --topK 100 --niter 10 --nprobe 1 2 4 8 16 20 32 48 64 80 128 256 512 1024 --nlist 100 1000 5000 10000 16000 --batch_size None
SIFT10M,128,default,42,3,IVFFlat,1000,2,10,14.007641356001841,4.191030126006808,18.19867148200865,1.5869738452893216,19.78564532729797,2.047083602519706,2.2267710010055453,2.4737179919611663,2.5391581524629148,2.796023996779695,3.0954765854403377,3.7860662827733904,0.44019411073447384,17.336222649522536,6301.301076689702,0.6554,0.61248,0.544396,16,16,10000,2026-07-20 04:32:32,python run_baselines.py --result_path ./results/ --dbname SIFT10M --skew default --store --target_queries 0 --nruns 3 --seed 42 --nthreads 16 --runid 250227_rerun_baselines --run_desc None --index_name BruteForce IVFFlat --topK 100 --niter 10 --nprobe 1 2 4 8 16 20 32 48 64 80 128 256 512 1024 --nlist 100 1000 5000 10000 16000 --batch_size None
SIFT10M,128,default,42,3,IVFFlat,1000,4,10,14.007641356001841,4.191030126006808,18.19867148200865,2.4677165290049743,20.666388011013623,3.2897275930736214,3.5266059858258814,3.906193975126371,3.948346446407959,4.343926004366949,4.618872003629804,5.133271247614175,0.521273082108663,13.20231365671813,4049.2240572491023,0.8078,0.76779,0.702583,16,16,10000,2026-07-20 04:32:41,python run_baselines.py --result_path ./results/ --dbname SIFT10M --skew default --store --target_queries 0 --nruns 3 --seed 42 --nthreads 16 --runid 250227_rerun_baselines --run_desc None --index_name BruteForce IVFFlat --topK 100 --niter 10 --nprobe 1 2 4 8 16 20 32 48 64 80 128 256 512 1024 --nlist 100 1000 5000 10000 16000 --batch_size None
SIFT10M,128,default,42,3,IVFFlat,1000,8,10,14.007641356001841,4.191030126006808,18.19867148200865,4.724901768291602,22.92357325030025,6.610899593215436,6.985132989939302,7.489504991099238,7.559842829266563,8.049158001085743,8.632021205266938,9.598631991539149,0.7753543859037788,10.256223620180762,2115.3986052172204,0.9123,0.88163,0.832463,16,16,10000,2026-07-20 04:32:56,python run_baselines.py --result_path ./results/ --dbname SIFT10M --skew default --store --target_queries 0 --nruns 3 --seed 42 --nthreads 16 --runid 250227_rerun_baselines --run_desc None --index_name BruteForce IVFFlat --topK 100 --niter 10 --nprobe 1 2 4 8 16 20 32 48 64 80 128 256 512 1024 --nlist 100 1000 5000 10000 16000 --batch_size None
SIFT10M,128,default,42,3,IVFFlat,1000,16,10,14.007641356001841,4.191030126006808,18.19867148200865,9.433999475790188,27.632670957798837,13.25925140408799,14.079195010708645,14.98460999573581,15.0943991612643,16.063611983554438,17.010423203464597,18.651393357431516,1.4838804291961418,9.83066906700149,1045.5111917056156,0.9673,0.95185,0.922378,16,16,10000,2026-07-20 04:33:25,python run_baselines.py --result_path ./results/ --dbname SIFT10M --skew default --store --target_queries 0 --nruns 3 --seed 42 --nthreads 16 --runid 250227_rerun_baselines --run_desc None --index_name BruteForce IVFFlat --topK 100 --niter 10 --nprobe 1 2 4 8 16 20 32 48 64 80 128 256 512 1024 --nlist 100 1000 5000 10000 16000 --batch_size None
SIFT10M,128,default,42,3,IVFFlat,1000,20,10,14.007641356001841,4.191030126006808,18.19867148200865,12.413532881066203,30.612204363074852,17.614802601747215,18.71974702225998,19.84974098741077,19.861652609705924,21.095478994539008,22.062358405673876,23.86047835694626,1.7082661991369783,8.600826087866368,848.783474768416,0.9783,0.96602,0.942324,16,16,10000,2026-07-20 04:34:02,python run_baselines.py --result_path ./results/ --dbname SIFT10M --skew default --store --target_queries 0 --nruns 3 --seed 42 --nthreads 16 --runid 250227_rerun_baselines --run_desc None --index_name BruteForce IVFFlat --topK 100 --niter 10 --nprobe 1 2 4 8 16 20 32 48 64 80 128 256 512 1024 --nlist 100 1000 5000 10000 16000 --batch_size None
SIFT10M,128,default,42,3,IVFFlat,1000,32,10,14.007641356001841,4.191030126006808,18.19867148200865,19.47404818906216,37.67271967107081,28.375407599378377,29.685280984267592,30.979836999904364,31.158477102499454,32.654570997692645,34.00318359490484,36.86680848128162,2.2053682412893907,7.077907671914048,528.5461484612989,0.9909,0.9856,0.972275,16,16,10000,2026-07-20 04:35:00,python run_baselines.py --result_path ./results/ --dbname SIFT10M --skew default --store --target_queries 0 --nruns 3 --seed 42 --nthreads 16 --runid 250227_rerun_baselines --run_desc None --index_name BruteForce IVFFlat --topK 100 --niter 10 --nprobe 1 2 4 8 16 20 32 48 64 80 128 256 512 1024 --nlist 100 1000 5000 10000 16000 --batch_size None
SIFT10M,128,default,42,3,IVFFlat,1000,48,10,14.007641356001841,4.191030126006808,18.19867148200865,31.03863167221425,49.2373031542229,46.39303399599157,47.655610978836194,49.56742000649683,49.6618106755428,51.44215599284507,53.16342239966616,56.17297051707283,2.628378426017216,5.2925545610676386,322.1791509885402,0.9963,0.99407,0.986877,16,16,10000,2026-07-20 04:36:32,python run_baselines.py --result_path ./results/ --dbname SIFT10M --skew default --store --target_queries 0 --nruns 3 --seed 42 --nthreads 16 --runid 250227_rerun_baselines --run_desc None --index_name BruteForce IVFFlat --topK 100 --niter 10 --nprobe 1 2 4 8 16 20 32 48 64 80 128 256 512 1024 --nlist 100 1000 5000 10000 16000 --batch_size None
SIFT10M,128,default,42,3,IVFFlat,1000,64,10,14.007641356001841,4.191030126006808,18.19867148200865,37.75214997434523,55.95082145635388,56.824910995783284,58.336533984402195,60.310503002256155,60.40343995895237,62.36877600895241,64.2384848149959,67.27941232034937,2.816969180374042,4.663590653592471,264.73878720413296,0.9984,0.99711,0.992998,16,16,10000,2026-07-20 04:38:29,python run_baselines.py --result_path ./results/ --dbname SIFT10M --skew default --store --target_queries 0 --nruns 3 --seed 42 --nthreads 16 --runid 250227_rerun_baselines --run_desc None --index_name BruteForce IVFFlat --topK 100 --niter 10 --nprobe 1 2 4 8 16 20 32 48 64 80 128 256 512 1024 --nlist 100 1000 5000 10000 16000 --batch_size None
SIFT10M,128,default,42,3,IVFFlat,1000,80,10,14.007641356001841,4.191030126006808,18.19867148200865,49.973043417645385,68.17171489965403,75.51223359187134,77.35653498093598,79.87738799420185,79.95686946823261,82.68595702247694,84.90121340146288,87.98768088687211,3.67953628258494,4.6019013839040355,200.00626580570417,0.9991,0.99833,0.996,16,16,10000,2026-07-20 04:41:00,python run_baselines.py --result_path ./results/ --dbname SIFT10M --skew default --store --target_queries 0 --nruns 3 --seed 42 --nthreads 16 --runid 250227_rerun_baselines --run_desc None --index_name BruteForce IVFFlat --topK 100 --niter 10 --nprobe 1 2 4 8 16 20 32 48 64 80 128 256 512 1024 --nlist 100 1000 5000 10000 16000 --batch_size None
SIFT10M,128,default,42,3,IVFFlat,1000,128,10,14.007641356001841,4.191030126006808,18.19867148200865,78.89568233981845,97.0943538218271,120.78549260622822,123.04957199376076,126.03952499921434,126.23309174370952,129.19114698888734,131.94882099633105,136.80001683998853,4.397429354024786,3.483578904137805,126.711603280097,0.9998,0.99967,0.999031,16,16,10000,2026-07-20 04:44:58,python run_baselines.py --result_path ./results/ --dbname SIFT10M --skew default --store --target_queries 0 --nruns 3 --seed 42 --nthreads 16 --runid 250227_rerun_baselines --run_desc None --index_name BruteForce IVFFlat --topK 100 --niter 10 --nprobe 1 2 4 8 16 20 32 48 64 80 128 256 512 1024 --nlist 100 1000 5000 10000 16000 --batch_size None
SIFT10M,128,default,42,3,IVFFlat,1000,256,10,14.007641356001841,4.191030126006808,18.19867148200865,154.13443507131888,172.33310655332753,238.83871281286702,242.62928700773045,246.52506702113897,246.6150961141102,250.41375201544724,254.71329361316748,261.6015054064337,6.1226506792682205,2.482674733113351,64.74868873692529,1.0,0.99998,0.999927,16,16,10000,2026-07-20 04:52:42,python run_baselines.py --result_path ./results/ --dbname SIFT10M --skew default --store --target_queries 0 --nruns 3 --seed 42 --nthreads 16 --runid 250227_rerun_baselines --run_desc None --index_name BruteForce IVFFlat --topK 100 --niter 10 --nprobe 1 2 4 8 16 20 32 48 64 80 128 256 512 1024 --nlist 100 1000 5000 10000 16000 --batch_size None
SIFT10M,128,default,42,3,IVFFlat,1000,512,10,14.007641356001841,4.191030126006808,18.19867148200865,305.68857067634235,323.887242158351,478.88620939920656,483.8432969991118,489.5676260057371,489.10171308214774,494.43913402501494,498.68895859108306,506.23058752389625,7.915159209451118,1.6183053540280112,32.71892699050614,1.0,0.99999,0.999994,16,16,10000,2026-07-20 05:08:00,python run_baselines.py --result_path ./results/ --dbname SIFT10M --skew default --store --target_queries 0 --nruns 3 --seed 42 --nthreads 16 --runid 250227_rerun_baselines --run_desc None --index_name BruteForce IVFFlat --topK 100 --niter 10 --nprobe 1 2 4 8 16 20 32 48 64 80 128 256 512 1024 --nlist 100 1000 5000 10000 16000 --batch_size None
SIFT10M,128,default,42,3,IVFFlat,5000,1,10,61.6683426790114,82.29268191001029,143.9610245890217,0.4254403460363392,144.38646493505803,0.5012405978050083,0.5719740001950413,0.6483109900727868,0.6807045536581426,0.7438480097334832,0.8744957973249258,1.41942044487223,0.1932095060589772,28.383754012024596,22720.254332685778,0.3847,0.34215,0.27345,16,16,10000,2026-07-20 05:10:26,python run_baselines.py --result_path ./results/ --dbname SIFT10M --skew default --store --target_queries 0 --nruns 3 --seed 42 --nthreads 16 --runid 250227_rerun_baselines --run_desc None --index_name BruteForce IVFFlat --topK 100 --niter 10 --nprobe 1 2 4 8 16 20 32 48 64 80 128 256 512 1024 --nlist 100 1000 5000 10000 16000 --batch_size None
SIFT10M,128,default,42,3,IVFFlat,5000,2,10,61.6683426790114,82.29268191001029,143.9610245890217,0.5968114164716098,144.5578360054933,0.7289546076208353,0.7992399914655834,0.9024740138556808,0.9548982663545758,1.050602993927896,1.2299526133574545,1.7415185121353713,0.22784792318119199,23.86096312134122,16669.764627905868,0.5442,0.49274,0.408853,16,16,10000,2026-07-20 05:10:28,python run_baselines.py --result_path ./results/ --dbname SIFT10M --skew default --store --target_queries 0 --nruns 3 --seed 42 --nthreads 16 --runid 250227_rerun_baselines --run_desc None --index_name BruteForce IVFFlat --topK 100 --niter 10 --nprobe 1 2 4 8 16 20 32 48 64 80 128 256 512 1024 --nlist 100 1000 5000 10000 16000 --batch_size None
SIFT10M,128,default,42,3,IVFFlat,5000,4,10,61.6683426790114,82.29268191001029,143.9610245890217,0.9318292717216536,144.89285386074334,1.1289243877399713,1.2535169953480363,1.4379509957507253,1.4909268347546458,1.6434420249424875,1.909786800388247,2.8162965911906213,0.34862715877367967,23.383250649657228,10938.663959192842,0.6983,0.64401,0.556126,16,16,10000,2026-07-20 05:10:32,python run_baselines.py --result_path ./results/ --dbname SIFT10M --skew default --store --target_queries 0 --nruns 3 --seed 42 --nthreads 16 --runid 250227_rerun_baselines --run_desc None --index_name BruteForce IVFFlat --topK 100 --niter 10 --nprobe 1 2 4 8 16 20 32 48 64 80 128 256 512 1024 --nlist 100 1000 5000 10000 16000 --batch_size None
SIFT10M,128,default,42,3,IVFFlat,5000,8,10,61.6683426790114,82.29268191001029,143.9610245890217,1.4952319173316937,145.45625650635338,1.9274065969511867,2.097543008858338,2.319209015695378,2.3923710677307097,2.616765006678179,2.9205177968833596,3.660820175427943,0.41900988121799665,17.51441851432561,6687.925721814067,0.8207,0.77737,0.697704,16,16,10000,2026-07-20 05:10:37,python run_baselines.py --result_path ./results/ --dbname SIFT10M --skew default --store --target_queries 0 --nruns 3 --seed 42 --nthreads 16 --runid 250227_rerun_baselines --run_desc None --index_name BruteForce IVFFlat --topK 100 --niter 10 --nprobe 1 2 4 8 16 20 32 48 64 80 128 256 512 1024 --nlist 100 1000 5000 10000 16000 --batch_size None
SIFT10M,128,default,42,3,IVFFlat,5000,16,10,61.6683426790114,82.29268191001029,143.9610245890217,2.147223825129913,146.1082484141516,2.8387766040395945,3.0531380034517497,3.3776199852582067,3.435558120207861,3.758008999284357,4.1262850048951805,4.838726265588775,0.5094763536467336,14.829507632253616,4524.997533205677,0.9066,0.87929,0.817102,16,16,10000,2026-07-20 05:10:45,python run_baselines.py --result_path ./results/ --dbname SIFT10M --skew default --store --target_queries 0 --nruns 3 --seed 42 --nthreads 16 --runid 250227_rerun_baselines --run_desc None --index_name BruteForce IVFFlat --topK 100 --niter 10 --nprobe 1 2 4 8 16 20 32 48 64 80 128 256 512 1024 --nlist 100 1000 5000 10000 16000 --batch_size None
SIFT10M,128,default,42,3,IVFFlat,5000,20,10,61.6683426790114,82.29268191001029,143.9610245890217,2.5833599077304825,146.54438449675217,3.4140664094593376,3.6886320158373564,4.056331992615014,4.133375852368772,4.508097015786916,4.956911609042436,5.6619094393681735,0.5954986851012176,14.40707804880475,3815.4883315491707,0.9263,0.9032,0.849076,16,16,10000,2026-07-20 05:10:54,python run_baselines.py --result_path ./results/ --dbname SIFT10M --skew default --store --target_queries 0 --nruns 3 --seed 42 --nthreads 16 --runid 250227_rerun_baselines --run_desc None --index_name BruteForce IVFFlat --topK 100 --niter 10 --nprobe 1 2 4 8 16 20 32 48 64 80 128 256 512 1024 --nlist 100 1000 5000 10000 16000 --batch_size None
SIFT10M,128,default,42,3,IVFFlat,5000,32,10,61.6683426790114,82.29268191001029,143.9610245890217,3.966276633058442,147.92730122208013,5.410052603110671,5.7881909888237715,6.284693023189902,6.346042612893507,6.811897997977212,7.327145611634478,8.393598608672619,0.7572526475325342,11.932675113053824,2521.2563129488235,0.96,0.94361,0.905034,16,16,10000,2026-07-20 05:11:06,python run_baselines.py --result_path ./results/ --dbname SIFT10M --skew default --store --target_queries 0 --nruns 3 --seed 42 --nthreads 16 --runid 250227_rerun_baselines --run_desc None --index_name BruteForce IVFFlat --topK 100 --niter 10 --nprobe 1 2 4 8 16 20 32 48 64 80 128 256 512 1024 --nlist 100 1000 5000 10000 16000 --batch_size None
SIFT10M,128,default,42,3,IVFFlat,5000,48,10,61.6683426790114,82.29268191001029,143.9610245890217,6.466088613815373,150.42711320283706,8.906950784148648,9.545287990476936,10.251614992739633,10.345741782104596,11.083607998443767,11.922023392980918,13.092728873016313,1.1756428553904772,11.363543379982953,1741.1756384332475,0.9788,0.96855,0.940846,16,16,10000,2026-07-20 05:11:25,python run_baselines.py --result_path ./results/ --dbname SIFT10M --skew default --store --target_queries 0 --nruns 3 --seed 42 --nthreads 16 --runid 250227_rerun_baselines --run_desc None --index_name BruteForce IVFFlat --topK 100 --niter 10 --nprobe 1 2 4 8 16 20 32 48 64 80 128 256 512 1024 --nlist 100 1000 5000 10000 16000 --batch_size None
SIFT10M,128,default,42,3,IVFFlat,5000,64,10,61.6683426790114,82.29268191001029,143.9610245890217,7.756627205904806,151.7176517949265,10.911794804269448,11.566397006390616,12.361061992123723,12.41060352944769,13.18723100121133,13.975716201821342,15.327946491306648,1.1956696816833259,9.634258953210932,1324.4209837514645,0.9877,0.98004,0.959796,16,16,10000,2026-07-20 05:11:49,python run_baselines.py --result_path ./results/ --dbname SIFT10M --skew default --store --target_queries 0 --nruns 3 --seed 42 --nthreads 16 --runid 250227_rerun_baselines --run_desc None --index_name BruteForce IVFFlat --topK 100 --niter 10 --nprobe 1 2 4 8 16 20 32 48 64 80 128 256 512 1024 --nlist 100 1000 5000 10000 16000 --batch_size None
SIFT10M,128,default,42,3,IVFFlat,5000,80,10,61.6683426790114,82.29268191001029,143.9610245890217,9.683799820224522,153.6448244092462,13.771578815067187,14.549629006069154,15.395781985716894,15.494079712359234,16.372273006709293,17.368382203858346,18.99339091265574,1.4232193944717517,9.185569074725269,1032.6524903081017,0.9923,0.98658,0.970974,16,16,10000,2026-07-20 05:12:19,python run_baselines.py --result_path ./results/ --dbname SIFT10M --skew default --store --target_queries 0 --nruns 3 --seed 42 --nthreads 16 --runid 250227_rerun_baselines --run_desc None --index_name BruteForce IVFFlat --topK 100 --niter 10 --nprobe 1 2 4 8 16 20 32 48 64 80 128 256 512 1024 --nlist 100 1000 5000 10000 16000 --batch_size None
SIFT10M,128,default,42,3,IVFFlat,5000,128,10,61.6683426790114,82.29268191001029,143.9610245890217,15.060175626946148,159.02120021596784,21.912261605029926,22.814021998783574,23.922032996779308,24.096281003113837,25.206382997566834,26.560202392283827,28.478054699953645,1.7864830280268411,7.413936730717836,660.6249633803684,0.9966,0.99463,0.986765,16,16,10000,2026-07-20 05:13:06,python run_baselines.py --result_path ./results/ --dbname SIFT10M --skew default --store --target_queries 0 --nruns 3 --seed 42 --nthreads 16 --runid 250227_rerun_baselines --run_desc None --index_name BruteForce IVFFlat --topK 100 --niter 10 --nprobe 1 2 4 8 16 20 32 48 64 80 128 256 512 1024 --nlist 100 1000 5000 10000 16000 --batch_size None
SIFT10M,128,default,42,3,IVFFlat,5000,256,10,61.6683426790114,82.29268191001029,143.9610245890217,30.906054238788784,174.86707882781047,45.82824321114458,47.356585011584684,49.38103898894042,49.44968678206205,51.4345970004797,53.01222678972408,56.526422840543084,2.777997401794868,5.617826082576101,323.5612001045884,0.9997,0.99891,0.997145,16,16,10000,2026-07-20 05:14:40,python run_baselines.py --result_path ./results/ --dbname SIFT10M --skew default --store --target_queries 0 --nruns 3 --seed 42 --nthreads 16 --runid 250227_rerun_baselines --run_desc None --index_name BruteForce IVFFlat --topK 100 --niter 10 --nprobe 1 2 4 8 16 20 32 48 64 80 128 256 512 1024 --nlist 100 1000 5000 10000 16000 --batch_size None
SIFT10M,128,default,42,3,IVFFlat,5000,512,10,61.6683426790114,82.29268191001029,143.9610245890217,63.96735024813097,207.92837483715266,96.79871559492312,99.15024699876085,102.39429600187577,102.34776039700955,105.2140379906632,107.89932841435075,112.3883290484082,4.299314076540784,4.200691895810555,156.85359654531348,1.0,0.99989,0.999635,16,16,10000,2026-07-20 05:17:52,python run_baselines.py --result_path ./results/ --dbname SIFT10M --skew default --store --target_queries 0 --nruns 3 --seed 42 --nthreads 16 --runid 250227_rerun_baselines --run_desc None --index_name BruteForce IVFFlat --topK 100 --niter 10 --nprobe 1 2 4 8 16 20 32 48 64 80 128 256 512 1024 --nlist 100 1000 5000 10000 16000 --batch_size None
SIFT10M,128,default,42,3,IVFFlat,5000,1024,10,61.6683426790114,82.29268191001029,143.9610245890217,124.28247784211999,268.2435024311417,190.66586379194632,194.09566398826428,198.83913500234485,198.851964547392,203.18359299562871,207.28289458784275,215.1350295287557,6.559101404827514,3.298484588652025,80.50842054762336,1.0,0.99997,0.999973,16,16,10000,2026-07-20 05:24:06,python run_baselines.py --result_path ./results/ --dbname SIFT10M --skew default --store --target_queries 0 --nruns 3 --seed 42 --nthreads 16 --runid 250227_rerun_baselines --run_desc None --index_name BruteForce IVFFlat --topK 100 --niter 10 --nprobe 1 2 4 8 16 20 32 48 64 80 128 256 512 1024 --nlist 100 1000 5000 10000 16000 --batch_size None
SIFT10M,128,default,42,3,IVFFlat,10000,1,10,127.17739563199575,323.4132762789959,450.59067191099166,0.5152365174726583,451.1059084284643,0.6220399984158576,0.6876339903101325,0.7916660106275231,0.8243784279562533,0.9245780238416046,1.0751770110800862,1.4433297247160224,0.1900472464675193,23.05339878175517,18240.03073574328,0.3426,0.29871,0.230537,16,16,10000,2026-07-20 05:31:39,python run_baselines.py --result_path ./results/ --dbname SIFT10M --skew default --store --target_queries 0 --nruns 3 --seed 42 --nthreads 16 --runid 250227_rerun_baselines --run_desc None --index_name BruteForce IVFFlat --topK 100 --niter 10 --nprobe 1 2 4 8 16 20 32 48 64 80 128 256 512 1024 --nlist 100 1000 5000 10000 16000 --batch_size None
SIFT10M,128,default,42,3,IVFFlat,10000,2,10,127.17739563199575,323.4132762789959,450.59067191099166,0.5415350709517952,451.13220698194345,0.670497416285798,0.7388980011455715,0.825890019768849,0.8664561135228723,0.9592510177753866,1.1053399939555675,1.6566216049250213,0.20063728570821654,23.15608171918337,17863.150887682234,0.4959,0.43874,0.351769,16,16,10000,2026-07-20 05:31:42,python run_baselines.py --result_path ./results/ --dbname SIFT10M --skew default --store --target_queries 0 --nruns 3 --seed 42 --nthreads 16 --runid 250227_rerun_baselines --run_desc None --index_name BruteForce IVFFlat --topK 100 --niter 10 --nprobe 1 2 4 8 16 20 32 48 64 80 128 256 512 1024 --nlist 100 1000 5000 10000 16000 --batch_size None
SIFT10M,128,default,42,3,IVFFlat,10000,4,10,127.17739563199575,323.4132762789959,450.59067191099166,0.6856233087892178,451.2762952197809,0.8701395941898227,0.9377619717270136,1.05205099680461,1.0969972940627486,1.181346015073359,1.3485789939295503,2.002296838909387,0.2508378717456694,22.865860572607886,14585.268429189759,0.6508,0.59039,0.491858,16,16,10000,2026-07-20 05:31:44,python run_baselines.py --result_path ./results/ --dbname SIFT10M --skew default --store --target_queries 0 --nruns 3 --seed 42 --nthreads 16 --runid 250227_rerun_baselines --run_desc None --index_name BruteForce IVFFlat --topK 100 --niter 10 --nprobe 1 2 4 8 16 20 32 48 64 80 128 256 512 1024 --nlist 100 1000 5000 10000 16000 --batch_size None
SIFT10M,128,default,42,3,IVFFlat,10000,8,10,127.17739563199575,323.4132762789959,450.59067191099166,0.9336718131380621,451.5243437241297,1.1651005945168436,1.254321978194639,1.4345480012707412,1.4938749010208994,1.6609960002824664,1.8323981843423098,2.5966005679219957,0.3257972605323623,21.808871700683614,9955.62111971906,0.7854,0.72781,0.631949,16,16,10000,2026-07-20 05:31:48,python run_baselines.py --result_path ./results/ --dbname SIFT10M --skew default --store --target_queries 0 --nruns 3 --seed 42 --nthreads 16 --runid 250227_rerun_baselines --run_desc None --index_name BruteForce IVFFlat --topK 100 --niter 10 --nprobe 1 2 4 8 16 20 32 48 64 80 128 256 512 1024 --nlist 100 1000 5000 10000 16000 --batch_size None
SIFT10M,128,default,42,3,IVFFlat,10000,16,10,127.17739563199575,323.4132762789959,450.59067191099166,1.4366000988229644,452.0272720098146,1.8639751884620637,2.0299089956097305,2.225925010861829,2.298560158116743,2.5009980017784983,2.8227676055394113,3.5610895976424213,0.3993577035800393,17.374255016550936,7072.597025163693,0.8867,0.83925,0.758956,16,16,10000,2026-07-20 05:31:53,python run_baselines.py --result_path ./results/ --dbname SIFT10M --skew default --store --target_queries 0 --nruns 3 --seed 42 --nthreads 16 --runid 250227_rerun_baselines --run_desc None --index_name BruteForce IVFFlat --topK 100 --niter 10 --nprobe 1 2 4 8 16 20 32 48 64 80 128 256 512 1024 --nlist 100 1000 5000 10000 16000 --batch_size None
SIFT10M,128,default,42,3,IVFFlat,10000,20,10,127.17739563199575,323.4132762789959,450.59067191099166,1.6299951720866375,452.2206670830783,2.11173661518842,2.2820689773652703,2.5489339896012098,2.6079922753386198,2.8446619980968535,3.177283803233877,4.03863835381344,0.4448941372926732,17.058874809547067,6134.987496434425,0.9095,0.86855,0.795105,16,16,10000,2026-07-20 05:31:59,python run_baselines.py --result_path ./results/ --dbname SIFT10M --skew default --store --target_queries 0 --nruns 3 --seed 42 --nthreads 16 --runid 250227_rerun_baselines --run_desc None --index_name BruteForce IVFFlat --topK 100 --niter 10 --nprobe 1 2 4 8 16 20 32 48 64 80 128 256 512 1024 --nlist 100 1000 5000 10000 16000 --batch_size None
SIFT10M,128,default,42,3,IVFFlat,10000,32,10,127.17739563199575,323.4132762789959,450.59067191099166,2.3596252859279048,452.95029719691956,3.1415402016136795,3.3306480036117136,3.688152995891869,3.775400457484648,4.122569982428104,4.593656398355961,5.2668686921242625,0.5560177193953734,14.727383906866901,4257.093153190451,0.9449,0.91806,0.86104,16,16,10000,2026-07-20 05:32:07,python run_baselines.py --result_path ./results/ --dbname SIFT10M --skew default --store --target_queries 0 --nruns 3 --seed 42 --nthreads 16 --runid 250227_rerun_baselines --run_desc None --index_name BruteForce IVFFlat --topK 100 --niter 10 --nprobe 1 2 4 8 16 20 32 48 64 80 128 256 512 1024 --nlist 100 1000 5000 10000 16000 --batch_size None
SIFT10M,128,default,42,3,IVFFlat,10000,48,10,127.17739563199575,323.4132762789959,450.59067191099166,3.299900180718396,453.89057209171006,4.47900400031358,4.780652991030365,5.2291010215412825,5.279840289149433,5.655982007738203,6.227692781249061,7.096255449578166,0.6800733309928226,12.88056633816059,3024.9247374176766,0.9676,0.94891,0.90649,16,16,10000,2026-07-20 05:32:18,python run_baselines.py --result_path ./results/ --dbname SIFT10M --skew default --store --target_queries 0 --nruns 3 --seed 42 --nthreads 16 --runid 250227_rerun_baselines --run_desc None --index_name BruteForce IVFFlat --topK 100 --niter 10 --nprobe 1 2 4 8 16 20 32 48 64 80 128 256 512 1024 --nlist 100 1000 5000 10000 16000 --batch_size None
SIFT10M,128,default,42,3,IVFFlat,10000,64,10,127.17739563199575,323.4132762789959,450.59067191099166,4.238452648860402,454.82912455985206,5.881116387899965,6.223969015991315,6.690273992717266,6.781524238176644,7.269538997206837,7.78240819927305,8.746011189650744,0.7438507580290405,10.968784183377638,2367.571401341149,0.98,0.96422,0.931817,16,16,10000,2026-07-20 05:32:32,python run_baselines.py --result_path ./results/ --dbname SIFT10M --skew default --store --target_queries 0 --nruns 3 --seed 42 --nthreads 16 --runid 250227_rerun_baselines --run_desc None --index_name BruteForce IVFFlat --topK 100 --niter 10 --nprobe 1 2 4 8 16 20 32 48 64 80 128 256 512 1024 --nlist 100 1000 5000 10000 16000 --batch_size None
SIFT10M,128,default,42,3,IVFFlat,10000,80,10,127.17739563199575,323.4132762789959,450.59067191099166,5.17314501592773,455.7638169269194,7.196587004000321,7.630278007127345,8.205559977795929,8.277032025484369,8.867544995155185,9.442158200545236,10.430834235157818,0.8715903255349771,10.53022777792106,1933.060057124001,0.9854,0.97383,0.947962,16,16,10000,2026-07-20 05:32:48,python run_baselines.py --result_path ./results/ --dbname SIFT10M --skew default --store --target_queries 0 --nruns 3 --seed 42 --nthreads 16 --runid 250227_rerun_baselines --run_desc None --index_name BruteForce IVFFlat --topK 100 --niter 10 --nprobe 1 2 4 8 16 20 32 48 64 80 128 256 512 1024 --nlist 100 1000 5000 10000 16000 --batch_size None
SIFT10M,128,default,42,3,IVFFlat,10000,128,10,127.17739563199575,323.4132762789959,450.59067191099166,7.634748543117894,458.22542045410955,10.79348538769409,11.383586010197178,12.074405007297173,12.21559766898863,12.931480014231056,13.770988601027057,15.142529834993184,1.136769116748267,9.30588209886896,1221.9637498060342,0.9942,0.98816,0.972781,16,16,10000,2026-07-20 05:33:13,python run_baselines.py --result_path ./results/ --dbname SIFT10M --skew default --store --target_queries 0 --nruns 3 --seed 42 --nthreads 16 --runid 250227_rerun_baselines --run_desc None --index_name BruteForce IVFFlat --topK 100 --niter 10 --nprobe 1 2 4 8 16 20 32 48 64 80 128 256 512 1024 --nlist 100 1000 5000 10000 16000 --batch_size None
SIFT10M,128,default,42,3,IVFFlat,10000,256,10,127.17739563199575,323.4132762789959,450.59067191099166,16.13526405597804,466.7259359669697,23.24751779087819,24.530530004994944,25.700487021822482,25.816422489564864,27.15498601901345,28.383943380322307,30.62950833002105,1.9371103130278735,7.503403361991244,619.7605422078634,0.9989,0.99729,0.991769,16,16,10000,2026-07-20 05:34:02,python run_baselines.py --result_path ./results/ --dbname SIFT10M --skew default --store --target_queries 0 --nruns 3 --seed 42 --nthreads 16 --runid 250227_rerun_baselines --run_desc None --index_name BruteForce IVFFlat --topK 100 --niter 10 --nprobe 1 2 4 8 16 20 32 48 64 80 128 256 512 1024 --nlist 100 1000 5000 10000 16000 --batch_size None
SIFT10M,128,default,42,3,IVFFlat,10000,512,10,127.17739563199575,323.4132762789959,450.59067191099166,32.26434936397709,482.85502127496875,47.19378560548648,49.04333298327401,51.5306209854316,51.62295898236334,54.144412017194554,56.11183300497942,59.32954222895205,3.4467333207018815,6.676744976744622,319.7709008807436,1.0,0.99954,0.998341,16,16,10000,2026-07-20 05:35:37,python run_baselines.py --result_path ./results/ --dbname SIFT10M --skew default --store --target_queries 0 --nruns 3 --seed 42 --nthreads 16 --runid 250227_rerun_baselines --run_desc None --index_name BruteForce IVFFlat --topK 100 --niter 10 --nprobe 1 2 4 8 16 20 32 48 64 80 128 256 512 1024 --nlist 100 1000 5000 10000 16000 --batch_size None
SIFT10M,128,default,42,3,IVFFlat,10000,1024,10,127.17739563199575,323.4132762789959,450.59067191099166,64.76994859060505,515.3606205015967,98.23630759492517,100.38403401267715,103.28110499540344,103.63191774496809,106.58047199831344,109.3275107908994,114.97705288929865,4.415823741743237,4.2610653530607365,154.44352547710335,1.0,0.99994,0.999827,16,16,10000,2026-07-20 05:38:53,python run_baselines.py --result_path ./results/ --dbname SIFT10M --skew default --store --target_queries 0 --nruns 3 --seed 42 --nthreads 16 --runid 250227_rerun_baselines --run_desc None --index_name BruteForce IVFFlat --topK 100 --niter 10 --nprobe 1 2 4 8 16 20 32 48 64 80 128 256 512 1024 --nlist 100 1000 5000 10000 16000 --batch_size None
SIFT10M,128,default,42,3,IVFFlat,16000,1,10,201.89385495401802,808.9452069280087,1010.8390618820267,0.6812329580425285,1011.5202948400693,0.8886844094377011,0.9477979911025614,1.0331429948564619,1.0899727328680455,1.1700399918481708,1.327804190805182,2.1095519186928864,0.23278403532322212,21.356867773260475,14679.266294945925,0.3303,0.27765,0.204682,16,16,10000,2026-07-20 05:55:46,python run_baselines.py --result_path ./results/ --dbname SIFT10M --skew default --store --target_queries 0 --nruns 3 --seed 42 --nthreads 16 --runid 250227_rerun_baselines --run_desc None --index_name BruteForce IVFFlat --topK 100 --niter 10 --nprobe 1 2 4 8 16 20 32 48 64 80 128 256 512 1024 --nlist 100 1000 5000 10000 16000 --batch_size None
SIFT10M,128,default,42,3,IVFFlat,16000,2,10,201.89385495401802,808.9452069280087,1010.8390618820267,0.7868428146175575,1011.6259046966443,0.9981439972762018,1.0946949769277126,1.2283599935472012,1.2589485033880918,1.3836089929100126,1.5668004110921174,2.005408847471699,0.2345788214781652,18.632916346209942,12709.018642891808,0.4739,0.41036,0.316205,16,16,10000,2026-07-20 05:55:49,python run_baselines.py --result_path ./results/ --dbname SIFT10M --skew default --store --target_queries 0 --nruns 3 --seed 42 --nthreads 16 --runid 250227_rerun_baselines --run_desc None --index_name BruteForce IVFFlat --topK 100 --niter 10 --nprobe 1 2 4 8 16 20 32 48 64 80 128 256 512 1024 --nlist 100 1000 5000 10000 16000 --batch_size None
SIFT10M,128,default,42,3,IVFFlat,16000,4,10,201.89385495401802,808.9452069280087,1010.8390618820267,0.8255888681160286,1011.6646507501428,1.0057952022179961,1.1127909820061177,1.2591449776664376,1.3209421889856459,1.471866009524092,1.6798830067273232,2.463205642998217,0.29461894363805063,22.303697019798356,12866.380777420747,0.6229,0.55456,0.448014,16,16,10000,2026-07-20 05:55:53,python run_baselines.py --result_path ./results/ --dbname SIFT10M --skew default --store --target_queries 0 --nruns 3 --seed 42 --nthreads 16 --runid 250227_rerun_baselines --run_desc None --index_name BruteForce IVFFlat --topK 100 --niter 10 --nprobe 1 2 4 8 16 20 32 48 64 80 128 256 512 1024 --nlist 100 1000 5000 10000 16000 --batch_size None
SIFT10M,128,default,42,3,IVFFlat,16000,8,10,201.89385495401802,808.9452069280087,1010.8390618820267,0.9411218089517206,1011.7801836909784,1.197204802883789,1.3077360054012388,1.4527610037475824,1.505794894322753,1.6430029936600477,1.8463224172592163,2.520473089534789,0.2945752474208157,19.56277369058978,10625.617114471734,0.7503,0.69306,0.587869,16,16,10000,2026-07-20 05:55:56,python run_baselines.py --result_path ./results/ --dbname SIFT10M --skew default --store --target_queries 0 --nruns 3 --seed 42 --nthreads 16 --runid 250227_rerun_baselines --run_desc None --index_name BruteForce IVFFlat --topK 100 --niter 10 --nprobe 1 2 4 8 16 20 32 48 64 80 128 256 512 1024 --nlist 100 1000 5000 10000 16000 --batch_size None
SIFT10M,128,default,42,3,IVFFlat,16000,16,10,201.89385495401802,808.9452069280087,1010.8390618820267,1.1768242980760988,1012.0158861801028,1.5182730043306947,1.648075005505234,1.8158839957322925,1.882918876921758,2.0426849951036274,2.3188795894384384,3.0560151010286063,0.3539713404592979,18.799075456611224,8465.532334670801,0.8568,0.81018,0.718588,16,16,10000,2026-07-20 05:56:01,python run_baselines.py --result_path ./results/ --dbname SIFT10M --skew default --store --target_queries 0 --nruns 3 --seed 42 --nthreads 16 --runid 250227_rerun_baselines --run_desc None --index_name BruteForce IVFFlat --topK 100 --niter 10 --nprobe 1 2 4 8 16 20 32 48 64 80 128 256 512 1024 --nlist 100 1000 5000 10000 16000 --batch_size None
SIFT10M,128,default,42,3,IVFFlat,16000,20,10,201.89385495401802,808.9452069280087,1010.8390618820267,1.3993902490765322,1012.2384521311033,1.815893582534045,1.9833419937640429,2.1868619951419532,2.2390243985224516,2.426911989459768,2.683185989735648,3.5673754406161606,0.3781847234305349,16.890603053727403,7192.510135961115,0.8837,0.84219,0.756783,16,16,10000,2026-07-20 05:56:06,python run_baselines.py --result_path ./results/ --dbname SIFT10M --skew default --store --target_queries 0 --nruns 3 --seed 42 --nthreads 16 --runid 250227_rerun_baselines --run_desc None --index_name BruteForce IVFFlat --topK 100 --niter 10 --nprobe 1 2 4 8 16 20 32 48 64 80 128 256 512 1024 --nlist 100 1000 5000 10000 16000 --batch_size None
SIFT10M,128,default,42,3,IVFFlat,16000,32,10,201.89385495401802,808.9452069280087,1010.8390618820267,1.8161187300866004,1012.6551806121133,2.434512000763789,2.5790249928832054,2.8296029777266085,2.905789968138561,3.1704530119895935,3.4933130082208663,4.036584198474884,0.42685300711618873,14.689740545481659,5443.270231731282,0.9286,0.89715,0.828239,16,16,10000,2026-07-20 05:56:12,python run_baselines.py --result_path ./results/ --dbname SIFT10M --skew default --store --target_queries 0 --nruns 3 --seed 42 --nthreads 16 --runid 250227_rerun_baselines --run_desc None --index_name BruteForce IVFFlat --topK 100 --niter 10 --nprobe 1 2 4 8 16 20 32 48 64 80 128 256 512 1024 --nlist 100 1000 5000 10000 16000 --batch_size None
SIFT10M,128,default,42,3,IVFFlat,16000,48,10,201.89385495401802,808.9452069280087,1010.8390618820267,2.519397667958401,1013.3584595499851,3.3907803997863084,3.6611920222640038,3.9743300003465265,4.031036268733442,4.352828982518986,4.721331194741651,5.423275815555825,0.5328612455400255,13.218964306353199,4043.224900088906,0.9544,0.932,0.878771,16,16,10000,2026-07-20 05:56:20,python run_baselines.py --result_path ./results/ --dbname SIFT10M --skew default --store --target_queries 0 --nruns 3 --seed 42 --nthreads 16 --runid 250227_rerun_baselines --run_desc None --index_name BruteForce IVFFlat --topK 100 --niter 10 --nprobe 1 2 4 8 16 20 32 48 64 80 128 256 512 1024 --nlist 100 1000 5000 10000 16000 --batch_size None
SIFT10M,128,default,42,3,IVFFlat,16000,64,10,201.89385495401802,808.9452069280087,1010.8390618820267,3.0920726657495834,1013.9311345477763,4.176737403031439,4.484061995754018,4.857137013459578,4.947316265199333,5.369460006477311,5.797907209489495,6.5064943104516715,0.627406338193343,12.681751166924116,3230.585875631781,0.9678,0.95128,0.908764,16,16,10000,2026-07-20 05:56:31,python run_baselines.py --result_path ./results/ --dbname SIFT10M --skew default --store --target_queries 0 --nruns 3 --seed 42 --nthreads 16 --runid 250227_rerun_baselines --run_desc None --index_name BruteForce IVFFlat --topK 100 --niter 10 --nprobe 1 2 4 8 16 20 32 48 64 80 128 256 512 1024 --nlist 100 1000 5000 10000 16000 --batch_size None
SIFT10M,128,default,42,3,IVFFlat,16000,80,10,201.89385495401802,808.9452069280087,1010.8390618820267,3.653817722806707,1014.4928796048334,5.00770058715716,5.349988001398742,5.800743005238473,5.846108356490731,6.290170014835894,6.756147398846224,7.536191553808749,0.6761621511201318,11.566021528995652,2729.2913034557355,0.977,0.96329,0.928133,16,16,10000,2026-07-20 05:56:43,python run_baselines.py --result_path ./results/ --dbname SIFT10M --skew default --store --target_queries 0 --nruns 3 --seed 42 --nthreads 16 --runid 250227_rerun_baselines --run_desc None --index_name BruteForce IVFFlat --topK 100 --niter 10 --nprobe 1 2 4 8 16 20 32 48 64 80 128 256 512 1024 --nlist 100 1000 5000 10000 16000 --batch_size None
SIFT10M,128,default,42,3,IVFFlat,16000,128,10,201.89385495401802,808.9452069280087,1010.8390618820267,5.433691565005574,1016.2727534470323,7.611030188854784,8.07520598755218,8.581561007304117,8.693906504008918,9.274717973312363,9.885305003263056,10.729801564011723,0.8623018757333863,9.918462722548986,1891.277718730274,0.9888,0.98143,0.959803,16,16,10000,2026-07-20 05:56:59,python run_baselines.py --result_path ./results/ --dbname SIFT10M --skew default --store --target_queries 0 --nruns 3 --seed 42 --nthreads 16 --runid 250227_rerun_baselines --run_desc None --index_name BruteForce IVFFlat --topK 100 --niter 10 --nprobe 1 2 4 8 16 20 32 48 64 80 128 256 512 1024 --nlist 100 1000 5000 10000 16000 --batch_size None
SIFT10M,128,default,42,3,IVFFlat,16000,256,10,201.89385495401802,808.9452069280087,1010.8390618820267,10.246668536943616,1021.0857304189703,14.827776211313903,15.47204001690261,16.299134003929794,16.394669659109788,17.18573199468665,18.12678439891897,19.856442238669842,1.3453466006951695,8.206000051654717,975.9269526427764,0.9972,0.99435,0.986097,16,16,10000,2026-07-20 05:57:31,python run_baselines.py --result_path ./results/ --dbname SIFT10M --skew default --store --target_queries 0 --nruns 3 --seed 42 --nthreads 16 --runid 250227_rerun_baselines --run_desc None --index_name BruteForce IVFFlat --topK 100 --niter 10 --nprobe 1 2 4 8 16 20 32 48 64 80 128 256 512 1024 --nlist 100 1000 5000 10000 16000 --batch_size None
SIFT10M,128,default,42,3,IVFFlat,16000,512,10,201.89385495401802,808.9452069280087,1010.8390618820267,20.272022282500984,1031.1110841645277,29.390876414254308,30.7937600009609,32.385578990215436,32.43523565200157,34.01282199774869,35.229201189940795,38.6088128213305,2.3487873024830055,7.241468283699866,500.7565512497337,0.9997,0.99875,0.996479,16,16,10000,2026-07-20 05:58:32,python run_baselines.py --result_path ./results/ --dbname SIFT10M --skew default --store --target_queries 0 --nruns 3 --seed 42 --nthreads 16 --runid 250227_rerun_baselines --run_desc None --index_name BruteForce IVFFlat --topK 100 --niter 10 --nprobe 1 2 4 8 16 20 32 48 64 80 128 256 512 1024 --nlist 100 1000 5000 10000 16000 --batch_size None
SIFT10M,128,default,42,3,IVFFlat,16000,1024,10,201.89385495401802,808.9452069280087,1010.8390618820267,41.34064587438479,1052.1797077564115,61.36099779396318,63.65571400965564,66.0737779980991,66.14503339901566,68.74656499712728,70.79417539061978,74.73116236971691,3.743255621506456,5.6591635518958885,241.89268910760129,1.0,0.99989,0.999481,16,16,10000,2026-07-20 06:00:36,python run_baselines.py --result_path ./results/ --dbname SIFT10M --skew default --store --target_queries 0 --nruns 3 --seed 42 --nthreads 16 --runid 250227_rerun_baselines --run_desc None --index_name BruteForce IVFFlat --topK 100 --niter 10 --nprobe 1 2 4 8 16 20 32 48 64 80 128 256 512 1024 --nlist 100 1000 5000 10000 16000 --batch_size None
